CLO Identifier (auto),CLO Number (edit),"Bloom's Taxonomy (R=Remembering, U=Understanding, Ap=Applying, An=Analyzing, E=Evaluating, C=Creating)","CLO Level (C=core, I=intermediate, A=advanced) (edit)",WeBWork Level Classification of CLO,Course Learning Outcome (CLO),Notes / topics / questions,Week / Meeting,WeBWork 1 (question name and type),WeBWork 2  (question name and type), WeBWork 3  (question name and type) ... 2 Q's each should be enough for most outcomes ...,WeBWork 4
1-0-0-C,1-0-0,,C,,"work with functions algebraically, graphically and symbolically; identify and interpret key features of functions (slope, intercepts, equations)",High-level outcome (for course outline); short name: #1-0-0-C; functions,,No. of 1-0-0-C problems  --- >>>,19,,
1-7-0-C-A,1-7-0,C,A,N/A,create functions that satisfy a given set of properties,,W1-M2,,,,
1-1-0-An-C,1-1-0,An,C,4,interpret key features and properties from the graph of a function,,W1-M1,1-1-0-An-C-interpret-graph1.pg; numeric and intervals; no randomization,1-1-0-An-C-graph-interval-jms.pg; interval list; read intervals of increase/decrease off the graph of a random parabola,"1-1-0-An-C-quad-linear-jms.pg; drop down; determine if graph is a linear or quadratic, if linear determine if slope is +/-",
1-2-0-An-C,1-2-0,An,C,4,switch between different representations of functions,,W1-M1,1-2-0-An-C-mc1-jms.pg; multiple choice; set builder and function notation,1-2-0-An-C-fcn-sub-jms.pg; function answer; make subsitutions of numbrers and variables in function,,
1-3-1-Ap-C,1-3-1,Ap,C,3,solve problems and make calculations involving trigonometric functions,,,1-3-1-Ap-C-eval-cos-sin-AT.pg,1-3-1-AP-C-solve-for-theta-AT.pg,,
1-3-2-Ap-C,1-3-2,Ap,C,3,solve problems and make calculations involving logarithmic functions,,,1-3-2-Ap-C-log-to-exp-jms.pg; numeric and function; given log equation write exponential equation,1-3-2-Ap-C-exp-to-log-jms.pg; numeric and function; givenexp equation write logarithm,,
1-3-3-Ap-C,1-3-3,Ap,C,3,solve problems and make calculations involving exponential functions,,,,,,
1-3-4-Ap-C,1-3-4,Ap,C,3,solve problems and make calculations involving piecewise functions,,W1-M2,,,,
1-3-5-Ap-C,1-3-5,Ap,C,3,solve problems and make calculations involving polynomial and algebraic functions,,,,,,
1-4-0-U-C,1-4-0,U,C,2,identify different classes of common functions ,,W1-M1,1-4-0-U-C-rational1-jms.pg; multiselect; choose rational functions,1-4-0-U-C-drop-down-jms_1.pg; drop down; choose best description of type of function,,
1-6-0-U-C,1-6-0,U,C,2,"identify components of a function (domain, codomain, definition, image)",,W1-M1,1-6-0-U-C-rational-dom-jms.pg; interval (union); find domain of rational function,1-6-0-U-C-alg-dom-dg.pg; interval (union); find domain of algebraic function (Danny's template example),,
1-1-1-U-C,1-1-1,U,C,2,identify the slope and intercept from the graph of a linear function,,W1-M2,"1-1-1-U-C-slope-int-1-jms.pg; numeric; identify slope, x and y intercepts from a random linear graph (positive slope)","1-1-1-U-C-slope-int-2-jms.pg; numeric; identify slope, x intercepts from a random linear graph + calculuate y-int (negative slope)",,
1-10-0-U-C,1-10-0,U,C,2,identify when a function is invertible,,W1-M2,,,,
1-1-3-U-C,1-1-3,U,C,2,interpret the meaning of a slope algebraically in terms of change in dependent/independent variables,"e-g-, if m = 3 and Delta x = 2, then Delta y = 6",W1-M2,"1-1-3-U-C-delta-slope-jms.pg; numeric; random line, calculate change in x and y given random changes (one increase, one decrease) in two parts",1-1-3-U-C-point-slope-jms.pg; numeric and function; find slope and equation of line joining two randomly generated points,,
1-1-4-U-C,1-1-4,U,C,2,interpret the meaning of an intercept algebraically in terms of solutions to equations,"e-g-, if the x intercept of y=f(x) is x = 2, then f(2) = 0",W1-M2,1-1-4-U-C-num-int-jms.pg; numeric; fill in interpretation of x and y intercepts given unknown function and random values,1-1-4-U-C-int-from-eq-jms.pg; drop down + numeric; given equations identify intercepts,,
1-5-0-E-I,1-5-0,E,I,4,identify appropriate types of functions for various calculus problems/applications,,,,,,
1-2-1-E-I,1-2-1,E,I,4,identify appropriate representations of functions for communicating information,,W1-M1,,,,
1-2-2-An-I,1-2-2,An,I,4,conceptualize functions as transformations or operations,,W1-M1,,,,
1-8-0-C-I,1-8-0,C,I,N/A,do math with bad pictures (develop intuitive sense of salient features of a function graphically),,,,,,
2-0-0-C,2-0-0,,C,,develop fluency working with variables and equations using algebra to solve equations,"High-level outcome (for course outline); short name #2-0-0-C; equations ** This really should be a course ""in-come""",,No. of 2-0-0-C problems  --- >>>,17,Make 3 each here!,
2-1-0-Ap-C,2-1-0,Ap,C,3,factor polynomial functions of degree less than or equal to 3,,,2-1-0-Ap-C-factor-root-jms.pg; numeric list; factor non-monic quadratic to find distinct roots,2-1-0-Ap-C-factor-root-v2-jms.pg; numeric list; factor monic cubic with root x=0 to find distinct roots of resulting monic quadratic,2-1-0-Ap-C-factor-blanks-jms.pg; numeric; fill-in coefficients to factor quadratic based on a pre-determined pattern (x+b)(cx+a),2-1-0-Ap-C-factor-blanks-v2-jms.pg; numeric; fill-in variable or coefficients to factor cubic based on a pre-determined pattern x(x+b)(cx+a)
2-2-0-Ap-C,2-2-0,Ap,C,3,solve equations involving common functions in the course,,,2-2-0-Ap-C-quad-log-jms.pg; numeric list; solve quadratic equation with log variable,2-2-0-Ap-C-abs-quad-jms.pg; numeric list; solve equation with absolute value and quadratic,,
2-2-1-Ap-C,2-2-1,Ap,C,3,solve equations involving polynomial functions,,,"2-2-1-Ap-C-poly-int-jms.pg; list of points; find intersection point of quadratic and linear; sometimes no solution, integer solutions, one case of irrational solutions",2-2-1-Ap-C-poly-int-v2-jms.pg; numeric list; find intersection to two quadratics; integer solutions (sometimes large) or no solutions; revised version of other problem,2-2-1-Ap-C-quad-lin-int-jms.pg; find intersection point of quadratic and linear; integer solutions or no solutions; same problem as poly-int-v2 but with f and g changed,
2-2-2-Ap-C,2-2-2,Ap,C,3,solve equations involving logarithmic and exponential functions,,,2-2-2-Ap-C-quad-log-dist-jms.pg; numeric; solve quadratic equation with log variable with distinct roots ordered large to small,2-2-2-Ap-C-exp-log-jms.pg; list; no solutions to a log/exp equation,2-2-2-Ap-C-lin-log-jms.pg; numeric list; linear factor with log variable; x=0 not in the domain so only one solution,
2-2-3-Ap-C,2-2-3,Ap,C,3,solve equations involving trigonometric functions (with or without domain restrictions),,,"2-2-3-Ap-C-sin-eq-jms.pg; numeric or numeric list; solve sin(x) = sin(2x) or sin(x) = sin(3x) for x in (0,pi)","2-2-3-Ap-C-cos-eq-jms.pg; numeric; solve cos(x) = cos(2x) or cos(x) = cos(3x) for x in (0,pi)","2-2-3-Ap-C-trig-x-jms.pg; numeric or numeric list; solve either x+sin(2x) = x or x+cos(2x) = x for x in (0,pi)",
2-3-0-An-C,2-3-0,An,C,4,translate between symbolic equations and information presented in other ways,,,"249-2-0-0-C/2-3-0-An-C/2-3-0-An-C-tnslt-ineq-cmm.pg; multiple choice; sentence invovling sqr rt, inequality, and multiplication with two variables x and y; translate sentence into symbolic equation .","249-2-0-0-C/2-3-0-An-C/2-3-0-An-C-tnslt-eqtn-cmm.pg; multiple choice; symbolic euqation given with inequality, root, and power; translate symbolic equation into sentence. ",,
2-3-1-U-C,2-3-1,U,C,2,"represent solutions to equations graphically (intersections, roots, intercepts)",,,,,,
3-0-0-C,3-0-0,,C,,identify appropriate calculus concept or tool to solve a variety of abstract and concrete problems,High-level outcome (for course outline); short name #3-0-0-C; problem-solving,,No. of 3-0-0-C problems  --- >>>,10,,
3-3-0-C-A,3-3-0,C,A,N/A,create problems that do/do not involve calculus in their solution,,,,,,
3-1-0-Ap-I,3-1-0,Ap,I,5,translate a word problem into an abstract calculus problem,,,"3-1-0-Ap-I-opt-funct-jms.pg; function, given an optimization problem, choose the correct objective function to optimize; drop down; choose the type of problem this is (to see if learners would know where to look for additional information on how to solve...)","3-1-0-Ap-I-approx-funct-jms.pg; given a numerical approximation problem, choose a function to use for a Taylor Polynomial calcultation at a given centre; choose the type of problem from a drop down",,
3-2-0-E-I,3-2-0,E,I,4 or 5,"identify practical, concrete situations where calculus is a useful tool",WeBWork level 5 = word problems,,,,,
3-4-0-E-I,3-4-0,E,I,4,"choose an appropriate approximation technique to approximate values of functions, roots of functions, or (percentage) change in functions","values of functions (linear or taylor polynomial), roots of functions (IVT or Newton's method), change in a function (differentials)",,"3-4-0-E-I-approx-choice-jms.pg; drop down, choosing approximation method given two specific approximation problems","3-4-0-E-I-approx-choice-v2-jms.pg (versioned question); drop down, choosing approximation method given two specific approximation problems",,
3-5-1-Ap-I,3-5-1,Ap,I,3,choose an appropriate optimization technique to solve abstract optimization problems,"Make sure students know the language ""Closed Interval Method"" and ""Global Interval Method"" in the case of one critical point for optimization problems, given domain and number of critical points should influence choice of method",,"3-5-1-Ap-I-opt-choice-jms.pg; drop down (yes/no); given an abstract or standard box optimization problem, determine if the Closed Interval Method can be used.",3-5-1-Ap-I-second-der-test-jms.pg; drop down and numeric; given data about two critical points choose correct method and conclusion abuout an extrema,3-5-1-Ap-I-first-der-test-jms.pg; drop down and numeric; given data about one critical and intervals choose correct method and conclusion abuout an extrema between First Derivative Test / Global Interval Method,
3-5-2-Ap-I,3-5-2,Ap,I,5,choose an appropriate optimization technique to solve optimization word problems,"will typically involve finding a domain first, then doing above",,,,,
3-6-0-Ap-I,3-6-0,Ap,I,3,choose between using derivatives or antiderivatives (integrals) to solve problems involving rates of change,,,"3-6-0-Ap-I-drop-down-jms.pg; drop down; generic problem description choose ""derivative"" ""integral"" or ""no calculus required""","3-6-0-Ap-I-drop-down-detail-jms.pg; drop down; specific/detailed problem description choose ""derivative"" ""indefinite integral"" or ""definite integral""",,
3-7-0-Ap-I,3-7-0,Ap,I,3,"identify when a major ""value"" theorem (EVT, IVT, MVT) can be used to solve a problem",,,3-7-0-Ap-I-drop-down-jms.pg; drop down; choose correct name for each of the value theorems with statements given,3-7-0-Ap-I-value-choice-jms.pg; drop-down; randomly chooses on of the three problems to the right of this entry,3-7-0-Ap-I-mvt-jms.pg; drop down; given abstract problem choose the best theorem to help solve the problem (MVT),3-7-0-Ap-I-ivt-jms.pg; drop down; given abstract problem choose the best theorem to help solve the problem (IVT)
4-0-0-I,4-0-0,,I,,use a variety of approximation techniques to solve abstract and concrete approximation problems,High-level outcome (for course outline); short name #4-0-0-I; approximation,,No. of 4-0-0-C problems  --- >>>,21,,
4-1-1-Ap-C,4-1-1,Ap,C,3,implement linear approximation to approximate numerical values of a function,,,4-1-1-Ap-C-root-jms.pg.; numeric; linear approximation of a square root of a number given a function and the point to approximate at,4-1-1-Ap-C-power-jms.pg.tmp; numeric; approximate (integer + x/100)^power with linear approximation; no function or point given,4-1-1-Ap-C-log-jms.pg; numeric; linear approximation of ln(a+x/100) with a close to 1,
4-2-1-Ap-C,4-2-1,Ap,C,3,implement Taylor Polynomial approximation to approximate numerical values of a function,,,4-2-1-Ap-C-taylor-poly-approx-AT.pg,,,
4-2-2-Ap-I,4-2-2,Ap,I,3,use Taylor's Remainder Theorem to estimate the error in a Taylor Polynomial approximation,,,4-2-2-Ap-I-taylor-remainder-approx-AT.pg,,,
4-2-3-Ap-I,4-2-3,Ap,I,3,use Taylor's Remainder Theorem to identify the degree of Taylor Polynomial approximation required to reach a given error threshold,,,4-2-3-Ap-I-taylor-poly-degree-AT.pg,,,
4-1-2-E-I,4-1-2,E,I,4,determine if a linear approximation is an over/under estimate by using the second derivative and concavity,Need to know about concavity to do first two problems; last problem can be done earlier since a graph is given,,4-1-2-E-I-poly-over-under-jms.pg; drop down; determine over or under value of odd deg polynomial  for point left/right of IP; solution using second derivative,4-1-2-E-I-abstract-over-under-jms.pg; drop down; determine over or under for unknown function given information about f' and f'' on an interval; solution uses concavity,4-1-2-E-I-graph-overunder-jms.pg; multiple choice and drop down; given graph choose correct linear approximation and determine if over/under estimate,
4-3-1-Ap-I,4-3-1,Ap,I,3,implement differential approximation to estimate the change in a function given the change in the independent/dependent variable,Related to 11-5-4-Ap-C; using differentials in the context of integration by substitution,,4-3-1-Ap-I-demand-change-jms.pg; numeric; given demand function find approximate change in demand given a price decrease,4-3-1-Ap-I-fcn-change1-jms.pg; function and numeric; compute differential of polynomial and then compute approximate change and actual change in f given initial and final values of x,"4-3-1-Ap-I-fcn-change-2-jms.pg; fundtion and numeric; given initial point and change in x, find differential, approximate change in x and actual change in x.","4-3-1-Ap-I-fcn-change-3-jms; function and numeric; with a square root of (x-a); differential, approximate change in  f, and actual change in x and f"
4-3-2-Ap-I,4-3-2,Ap,I,3,implement differential approximation to estimate the percent change in a function given the percent change in the independent variable,Related to 11-5-4-Ap-C; using differentials in the context of integration by substitution,,"4-3-2-Ap-I-percent-sphere-jms.pg; numeric; given percent change in surface area of sphere, find corresponding percentage change in radius and volume; phrased as a physics application","4-3-2-Ap-I-percent-change-jms; numeric and drop down; given quantity that depends on power of x (pos/neg) and percent change in x, find percent change in A and determine inc/dec","4-3-2-Ap-I-percent-change-2-jms.pg; given y = f(x) and percent change in x (inc/dec), determine percent change in y (signed +/-)",
4-3-3-Ap-I,4-3-3,Ap,I,3,use the Intermediate Value Theorem as a coarse method of approximating roots of functions,,,4-3-3-Ap-I-ivt-mc-jms.pg; multiple choice; given data table choose smallest interval where IVT gives a solution to 0=f(x),"4-3-3-Ap-I-ivt-mc-no-sol-jms.pg; same as 4-3-3-Ap-I-ivt-mc-jms.pg; multiple choice; given data table choose smallest interval where IVT gives a solution to 0=f(x) but all function values have the same sign so ""none of the above"" is correct",,
4-4-0-Ap-C,4-4-0,Ap,C,3,use Newton's Method to approximate roots of functions,,,4-4-0-Ap-C-nm-exp-jms.pg; numeric; 3 iterations of Newton's Method. Similar equation to one that appears in a 3-0-0-C question where they need to choose the method. ,4-4-0-Ap-C-nm-cubic-jms.pg; three iterations of Newton's Method to approximate root of a cubic. Similar to one that appears in a 3-0-0-C question where they need to choose the method.,4-4-0-Ap-C-nm-log-jms.pg; numeric; 3 iterations of Newton's Method; have to rearrange to get function first; will always be accurate to 5 decimal places after 4 iterations (highlighted in the solution),
4-4-1-E-I,4-4-1,E,I,4,"evaluate situations where Newton's Method fails to approximate a root of a function due to a poor initial estimate (e.g., oscillation between two roots), arriving at a derivative that is equal to zero, or the fact that there is no root",,,,,,
5-0-0-C,5-0-0,,C,,"explain the concept of ""limit"" and how it arises in various calculus concepts; in particular continuity and the Intermediate Value Theorem",High-level outcome (for course outline); short name: #5-0-0-C; limits,,No. of 5-0-0-C problems  --- >>>,42,,
5-6-3-An-A,5-6-3,An,A,4,explore how the assumption of continuity is necessary to apply the Intermediate Value Theorem,,,,,,
5-1-1-R-C,5-1-1,R,C,1,state a precise definition of what it means for a limit to exist,Any quiz should only have at most one of the following questions; solution not provided,,5-1-1-R-C-defn-mc-jms.pg; mutliple choice; definition of a limit; abstract function random explicit value,5-1-1-R-C-defn-inf-mc-jms.pg; multiple choice; definition of a limit at infinity; abstract function random explicit value,5-1-1-R-C-defn-neg-inf-mc-jms.pg; multiple choice; definition of a limit at infinity; abstract function random explicit value,"5-1-1-R-C-defn-inf-lim-mc-jms.pg; multiple choice, definition of infinite limit; abstract function random value to approach"
5-2-1-An-C,5-2-1,An,C,4,determine if the limit of a function (including piecewise) exists graphically,,,5-2-1-An-C-limit-graph-1-jms.pg; numeric; randomly generated graph of piecewise function; either asks about one-sided and two-sided limits at -2 or 2; two-sided limit may or may not exist (getting at notational issues with +/- 2 and one-sided),"5-2-1-An-C-limit-graph-2-jms.pg; numeric; one-sided limits, two-sided limit DNE, asks for value of function at -3 or 1; randomly generated piecewie function graph given","5-2-1-An-C-limit-graph-3-jms.pg; graph with a removable discontinuity; asks for two-sided limit, value of the function; and either the right or left limit at a point with a jump discontintuity",
5-2-2-An-C,5-2-2,An,C,4,defermine if the limit of a function exists analytically/algebraically,,,5-2-2-An-C-compute-limits-1-jms.pg; numeric; two limits; both exist; one direct subsitution (Danny's template); one one-sided factor and cancel with an absolute value to deal with,5-2-2-An-C-compute-limits-2-jms.pg; numeric; ratio of quadratics (answer is always 0); absolute value two-sided (answer is always DNE),5-2-2-An-C-compute-limits-3-inf-jms.pg; reciprocal of a difference of squares; one-sided limits and two sided; one sided will be +/- inf and two sided will not exist,
5-2-3-An-C,5-2-3,An,C,4,determine if the limit of a piecewise function exists analytically,,,5-2-3-An-C-pw-limit-1-jms.pg; numeric; piecewise function with two pieces; compute two one-sided limits always using two different pieces,5-2-3-An-C-pw-limit-2-jms.pg; numeric; piecewise function (similar to last example); compute one and two sided limits at one point; two sided limit may or may not exist (exists ~15% of cases),5-2-3-An-C-pw-limit-3-jms.pg; numeric; piecewise funciton with 3 pieces; two two-sided limits;  first limit exists 33% of the time; second exists 50% of the time,
5-3-1-U-C,5-3-1,U,C,2,determine if L'Hopital's Rule can be applied to compute a given limit,L'Hôpital's Rule will be covered later in the semester than other limit problems,,5-3-1-U-C-ms-lhop-jms.pg; multiselect; choose limits where L'Hopital's Rule can be applied,5-3-1-U-C-ms-lhop-v2-jms.pg; multiselect; choose limits where L'Hopital's Rule can be applied,,
5-3-2-Ap-C,5-3-2,Ap,C,3,use L'Hopital's Rule to compute a limit of Type 0/0 or infinity/infinity,L'Hôpital's Rule will be covered later in the semester than other limit problems,,5-3-2-Ap-C-compute-lhop-1-jms.pg; numeric; two limits; one type 0/0 and one inf/inf; second is always 0,5-3-2-Ap-C-compute-lhop-2-jms.pg; numeric; both exist; both type 0/0; need to use L'Hôpital twice for second limit,5-3-2-Ap-C-compute-lhop-3-jms.pg ; numeric; Both type inf/inf but L'Hoptial is not the best approach; algebraic funciton sqrt(x^2)/x to pm infty; solution does not use L'Hopital,
5-3-5-E-I,5-3-5,E,I,4,recognize that L'Hoptial's Rule has been applied incorrectly in a given calculation,L'Hôpital's Rule will be covered later in the semester than other limit problems,,,,,
5-4-1-U-C,5-4-1,U,C,2,explain the relationship between limits and vertical/horizontal asymptotes of a function,,,5-4-1-U-C-asymp-dd-jms.pg; drop down and numeric; given information about two limits choose if funciton has a horizontal/vertical asymptote; choose equation as x/y = numeric blank,5-4-1-U-C-asymp-num-dd-jms.pg; given simple function; compute two limits and identify type of asymptote and equation; simiilar to other quesiton here but adds one additional step but less versioning,,
5-4-2-Ap-C,5-4-2,Ap,C,3,identify the vertical/horizontal asmptoes of a function by computing limits,,,5-4-2-Ap-C-asymp-vert-jms.pg; numeric; given rational function identify point where there is a vertical asymptote and compute a one-sided limit; identify a point where the funciton is undefined but there is no vertical asymptote,5-4-2-Ap-C-asymp-horiz-jms.pg; numeric; given rational function with equal largest power in numerator and denominator find limit at +/- infinity and state equation of horizontal asymptote.,5-4-2-Ap-C-asymp-horiz-2-jms.pg; numeric; compute limit at infinity of function with exp(-x) and state horizontal asymptote equation y = L,
5-4-5-U-C,5-4-5,U,C,2,"recognize that a function may ""cross"" its horizontal asymptotes",,,5-4-5-U-C-t-f-asmp-1-jms.pg; drop down with graph of function (sine) and asymptote; true or false limit at infinity (Squeeze Theorem) and statement about horizontal asymptote,5-4-5-U-C-t-f-asmp-2-jms.pg; drop down with graph of function (cosine) and asymptote; true or false limit at infinity (Squeeze Theorem) and statement about horizontal asymptote,,
5-5-0-R-C,5-5-0,R,C,1,state a precise definition of what it means for a function to be continuous at a point,,,5-5-0-R-C-cont-def-dd-jms.pg; drop down and numeric; table of values given for a function and continuity at a point definition is asked for,,,
5-5-1-U-C,5-5-1,U,C,2,"recognize types of discontinuities  (removable, jump, infinite) given the graph of a function",Using same graph code as 5-2-1-An-C questions above; question changed to drop-down; two bold questions are likely enough and capture more situations with randomization / question design,,"5-5-1-U-C-discon-graph-1-jms.pg; dropdown; given graph of piecewise function, either has a jump discontinuity or is continuous at +/-2",5-5-1-U-C-dicon-graph-2-jms.pg; drop down and numeric; jump and infinite discontinuity at -3 and 1 respectively; also asks for numeric answers for limits from the graph to give the justification for the type of discontinuity.,"5-5-1-U-C-discon-graph-3-jms.pg; drop down; one point always a removable discontinuity; other point is either a jump, removable or is continuous",
5-5-2-U-C,5-5-2,U,C,2,"recognize types of discontinuities (removable, jump, infinite) given an algebraic or piecewise expression for a function",,,5-5-2-U-C-pw-cont-1-jms.pg; drop down; piecewise function from 5-2-3-An-C-pw-limit-3-jms.pg; either continuous or  jump discontinuity,5-5-2-U-C-pw-cont-2-jms.pg; two pieces; internal to two intervals there are removable / infinite discontinuity (switches places); do not ask about points where pieces join intentionally,,
5-5-4-Ap-C,5-5-4,Ap,C,3,find the intervals where a given piecewise function is continuous,,,"5-5-4-Ap-C-cont-int-1-jms.pg; interval; piecewise with two parts; one part has a discontinuity inside its interval of defn; very rarely randomization will make the function continuous at the point where the two parts are joined (a=1,b=6,c=-2,m=3)","5-5-4-Ap-C-cont-int-2-jms.pg; interval; piecewise with two functions and a point defined; one piece always infinite discontinuity at 0; at point where functions join could be continuous, removable or jump.",,
5-6-2-Ap-C,5-6-2,Ap,C,3,apply the Intermediate Value Theorem to make conclusion about the roots of continuous functions,Question from 4-0-0-C above,,4-3-3-Ap-I-ivt-mc-jms.pg; problem can also be used for 5-6-2-Ap-C,,,
5-3-0-R-I,5-3-0,R,I,1,state L'Hopital's Rule,L'Hôpital's Rule will be covered later in the semester than other limit problems,,,,,
5-3-3-Ap-I,5-3-3,Ap,I,3,manipulate an indeterminate limit into a Type 0/0 or infinity/infinity limit,L'Hôpital's Rule will be covered later in the semester than other limit problems,,249-5-0-0-C/5-3-3-Ap-I/5-3-3-Ap-I-manip-lhop-1-cmm.pg; infinity times 0 type; asked to re-write as infinity/infinity form and enter the numerator/denominator expressions,249-5-0-0-C/5-3-3-Ap-I/5-3-3-Ap-I-manip-lhop-2-cmm.pg; 1^{infinity} type; asked to re-write as infinity/infinity form and enter the numerator/denominator expressions ,,
5-3-4-Ap-I,5-3-4,Ap,I,3,use L'Hopital's Rule to compute an indeterminate limit that is not presented as Type 0/0 or infinity/infinity,L'Hôpital's Rule will be covered later in the semester than other limit problems,,5-3-4-Ap-I-compute-lhop-power-jms.pg; numeric; gives one of two limits of Type 1^inf; one needs L'Hopital once the other twice,5-3-4-Ap-I-compute-lhop-product-jms.pg; infinity times 0 type with trig function; answer is nonzero and finite,5-3-4-Ap-I-compute-lhop-difference-jms.pg; infinity - infinity; use L'Hop twice; answer is coefficient/2,
5-5-3-R-I,5-5-3,R,I,1,"state the precise definition of different types of discontinuities (removable, jump, infinite)",,,5-5-3-R-I-discon-defn-jms.pg; drop-down; match name of discontinuity to the given definition,,,
5-5-5-Ap-I,5-5-5,Ap,I,3,find unknown constants in a given piecewise function in order to make the function continuous everwhere,,,5-5-5-Ap-I-const-cont-1-jms.pg; numeric list; solve a quadratic to find all values that make a piecewise function continuous at x=-1,"5-5-5-Ap-I-const-cont-2-jms.pg; solve a quadratic to find all values that make a piecewise function continuous at 2, 3, 4 or 5; allows for a repeated root to be entered only once",5-5-5-Ap-I-const-cont-3-jms.pg; numeric; piecewise with three pieces; solve two quadratics with only one root in common that makes the function continuous everwhere,
5-6-1-R-I,5-6-1,R,I,1,state the Intermediate Value Theorem,,,,,,
6-0-0-C,6-0-0,,C,,"articulate the concept of the ""derivative"" in terms of ""rates of change"" and ""slope"" and give a precise definition",High-level outcome (for course outline); short name #6-0-0-C; derivative,,No. of 6-0-0-C problems  --- >>>,24,,
6-1-0-U-C,6-1-0,U,C,2,interpret rates of change in practical/applied contexts as the derivative of a function,,,"6-1-0-U-C-vel-acc-dd-jms.pg; drop-down, numeric and function; derivative of position is velocity; find when velocity is zero for a polynomial position function; asks for acceleration as a funciton of t",6-1-0-U-C-reaction-dd-jms.pg; drop-down and interval; given function that describes concentration; need to know/interpret increasing and decreasing in terms of sign; given intervals where inceasing/decreasing given simple derivative with e^x(x-a),6-1-0-U-C-cost-dd-jms.pg; drop down and numeric; marginal cost as inst rate of change; compute change in cost; interpret marginal cost as C(x+1)-C(x),6-1-0-U-C-pop-dd-jms.pg; drop down only; population; includes question about the graph and slope; asks to inperpret population as increasing/decreasing
6-1-1-R-C,6-1-1,R,C,1,state a precise definition of the derivative of a function at a point,,,6-1-1-R-C-defn-pt-1-jms.pg; numeric and function; power of x and sqrt(x),,,
6-1-2-R-C,6-1-2,R,C,1,state a precise definition of the derivative of a function as a function in its own right,,,6-1-2-R-C-defn-fcn-1-jms.pg; function; +sin(x)  +/-  ln(x),6-1-2-R-C-defn-fcn-2-jms.pg; function; ln(x) - cos(x),,
6-3-0-Ap-C,6-3-0,Ap,C,3,compute derivatives of simple algebraic functions by using the definition of the derivative,,,,,,
6-3-1-Ap-C,6-3-1,Ap,C,3,compute the equation of the tangent line to the graph of a function at a given point,,,"6-3-1-Ap-C-fcn-to-line-1-jms.pg; numeric; function; find derivative, find slope, find equation of line and find point on the graph",6-3-1-Ap-C-slope-1-jms.pg; numeric; find slope of a secant line and slope of a tangent line to a polynomial (neat: integer points will always give integer slope of secant lines),"6-3-1-Ap-C-fcn-to-line-2-jms.pg; numeric; function; GIVEN derivative, slope, equation of tangent line and point; trigonometric function",
6-9-1-U-C,6-9-1,U,C,2,"interpret ""slope of functions"" using the derivative analytically/algebraically",,,6-9-1-U-C-line-to-fcn-1-jms.pg; numeric; given equation of the tangent line find f(a) and f'(a),"6-9-1-U-C-line-to-fcn-2-jms.pg; numeric; given equation of the tangent line find f(a) and f'(a); includes ""pi"" in the slope to make it look superficially different",,
6-9-2-U-C,6-9-2,U,C,2,"interpret ""slope of functions"" using the derivative graphically",,,6-9-2-U-C-der-from-graph-1-jms.pg; numeric; function; given graph of piecewise function (all line segments); find slope and equation of tangent line to one of four points,"6-9-2-U-C-der-dne-graph-1-jms.pg; numeric list; given piecewise linear graph find points where derivative does not exist, could be 2, 1 or 0 (somtimes hard to see!); hint and solution provided",6-9-2-U-C-der-zero-graph-1-jms.pg; numeric list; given graph of a cubic find the two points where the derivative is equal to 0; always two distinct points ... easier to get the graph to appear reasonable this way,6-9-2-U-C-der-zero-graph-2-jms.pg; given graph of a cubic find the ONE points where the derivative is equal to 0; ... easier to get the graph to appear reasonable this way
6-10-1-Ap-C,6-10-1,Ap,C,3,calculate values and derivatives of the inverse of a function (abstractly),,,6-10-1-Ap-C-inv-table-1-jms.pg; numeric; given table of values find f^{-1}(pt) and (f^{-1})'(pt); 4 random points; picks one point to ask fo,"6-10-1-Ap-C-inv-table-2-jms.pg; numeric; fill in table of values for f, f-inv, fder, f-inv-der; some values of the table are unknown; probably HARD because there are 9 blanks and 3 DNE?",6-10-1-Ap-C-inv-der-from-graph-1-jms.pg; given graph  of piecewise decreasing function find derivative of function and inverse funciton where you need to use two different line segments for each derivative,
6-10-2-Ap-C,6-10-2,Ap,C,3,calculate values and derivatives of the inverse of a trigonometric function,,,"6-10-2-Ap-C-inv-trig-1-jms.pg; numeric; two values of inverse trig functions one sin^-1(special), cos^-1(sin)=cos^-1(-1), one derivative of sin^-1",6-10-2-Ap-C-inv-trig-2-jms.pg; numeric; derivative of cos^-1 and tan^-1 at the same point,,
6-2-0-U-I,6-2-0,U,I,2,recognize when a given limit is equal to the derivative of a function,,,,,,
6-2-1-Ap-I,6-2-1,Ap,I,3,compute sophisticated limits by recognizing them as derivatives and using the derivative to evaluate the limit,,,249-6-0-0-C/6-2-1-Ap-I/6-2-1-Ap-I-trkylmt-deriv-1-cmm.pg; find the derivative using the chain rule; involves the sine function; presented as a limit calculation using the limit definition of the derivative. ,249-6-0-0-C/6-2-1-Ap-I/6-2-1-Ap-I-trkylmt-deriv-2-cmm.pg; find the derivative using the chain rule; involves e^x; presented as a limit calculation using the limit definition of the derivative.,249-6-0-0-C/6-2-1-Ap-I/6-2-1-Ap-I-trkylmt-deriv-3-cmm.pg; find the derivative using the chain rule; involves a*ln(X); presented as a limit calculation using the limit definition of the derivative. ,
7-0-0-C,7-0-0,,C,,"identify necessary differentiation rules (product, quotient, chain) and carry out these computations for explicit and abstract functions",High-level outcome (for course outline); short name: #7-0-0-C; differentiation rules,,No. of 7-0-0-C problems  --- >>>,16,Make 3 each here!,
7-1-0-U-C,7-1-0,U,C,2,identify necessary differentiation rules to evaluate the derivative of a given function,,,,,,
7-2-1-Ap-C,7-2-1,Ap,C,3,compute the derivative of a function with the product rule,,,7-2-1-Ap-C-simple-prod1-mlb.pg; function; product derive of poly*trig,7-2-1-Ap-C-simple-prod2-mlb.pg; function; product derive of poly*trig,7-2-1-Ap-C-prod-mlb.pg; function; product derive of (poly+trig)*(poly+exp),
7-2-2-Ap-C,7-2-2,Ap,C,3,compute the derivative of a function with the quotient rule,,,7-2-1-Ap-C-simple-quo1-mlb.pg; function; product derive of poly/poly,7-2-1-Ap-C-simple-quo2-mlb.pg; function; product derive of poly/trig,7-2-1-Ap-C-quo-mlb.pg; function; product derive of (poly + exp)/(poly + trig),
7-2-3-Ap-C,7-2-3,Ap,C,3,compute the derivative of a funciton with the chain rule,,,7-2-3-Ap-C-simple-chain1-mlb.pg; function; power rule - poly^int,7-2-3-Ap-C-simple-chain2-mlb.pg; function; power rule - tri(poly),,
7-2-4-Ap-I,7-2-4,Ap,I,3,compute the derivative of a function requiring multiple applications of the product rule,,,249-7-0-0-C/7-2-4-Ap-I/7-2-4-Ap-I-mtpl-prod-1-cmm.pg; function; multiple uses of the product rule; trig and polys. ,249-7-0-0-C/7-2-4-Ap-I/7-2-4-Ap-I-mtpl-prod-2-cmm.pg; function; multiple uses of the product rule; e^x and polys. ,249-7-0-0-C/7-2-4-Ap-I/7-2-4-Ap-I-mtpl-prod-3-cmm.pg; function; multiple uses of the product rule to find f'(a) at a given value x=a. ,
7-2-5-Ap-I,7-2-5,Ap,I,3,compute the derivative of a function requiring multiple applications of the chain rule,,,249-7-0-0-C/7-2-5-Ap-I/7-2-5-Ap-I-mtpl-chain-1-cmm.pg; function; multiple uses of the chain rule; ()^pwr + e^((x)^a). ,"249-7-0-0-C/7-2-5-Ap-I/7-2-5-Ap-I-mtpl-chain-2-cmm.pg; function; multiple uses of the chain rule to find g'(x) at x=a with f(a), f'(a) provided.",,
7-2-6-Ap-I,7-2-6,Ap,I,3,compute the derivative of a function requiring a combination of the product/quotient and chain rules,,,249-7-0-0-C/7-2-6-Ap-I/7-2-6-Ap-I-mtpl-prod-chain-1-cmm.pg; function; quotient rule; multiple uses of the chain rule. ,249-7-0-0-C/7-2-6-Ap-I/7-2-6-Ap-I-mtpl-prod-chain-2-cmm.pg; function; product rule; multiple uses of the chain rule. ,249-7-0-0-C/7-2-6-Ap-I/7-2-6-Ap-I-mtpl-prod-chain-3-cmm.pg; function; quotient rule; multiple uses of the chain rule to find the derivative of f(x) at a given x=a. ,
8-0-0-C,8-0-0,,C,,interpret information about the shape/graph of a function by using information about the first and second derivative,High-level outcome (for course outline); short name: #8-0-0-C; graphs,,No. of 8-0-0-C problems  --- >>>,27,,
8-1-2-U-C,8-1-2,U,C,2,identify intervals where a function is increasing/decreasing given the graph of the original function,,,1-1-0-An-C-graph-interval-jms.pg; interval list; read intervals of increase/decrease off the graph of a random parabola,"8-1-2-U-C-pw-inc-dec-1-jms.pg; dropdown; random piecewise linear generated; askes about three intervals (at random); one using and enpoint, one small interior (inc/dec/constant), one concatenated interval (inc/dec/constant/NEITHER)",8-1-2-U-C-cubic-inc-dec-jms.pg; interval; given graph of cubic; find intervals of increase/decrase; uses the same cubic graph as 6-9-2-U-C-der-zero-graph-1-jms.pg,8-1-2-U-C-quart-inc-dec-jms.pg; interval; find intervals of increase/decrase given graph of a generic quartic (derivative with distinct roots)
8-1-3-U-C,8-1-3,U,C,2,identify intervals where a function is increasing/decreasing given the graph of the derivative,,,8-1-3-U-C-pw-der-inc-dec-1-jms.pg; dropdown; piecewise linear graph of derivative; two of four intervals randomly chosen; asked about f inc/dec with justification,"8-1-3-U-C-pw-der-inc-dec-2-jms.pg; piecewise smooth version of question; two of four intervals randomly chosen (one on end, one in middle); asked about f inc/dec with justification","8-1-3-U-C-der-cubic-inc-dec-jms.pg; interval and numeric; given graph of a cubic that is the derivative of a function, find intervals of increase/decrease",8-1-3-U-C-der-quart-inc-dec-jms.pg; intervals; given graph of a quartic that is the derivative of a function; find intervals of increase/decrease; one repeated root so two intervals next to each other with the same behaviour
8-1-1-R-C,8-1-1,R,C,1,state what it means for a function to be increasing/decreasing in terms of the derivative,Ask only one of 8-1-1-R-C-state-der-inc-dec-jms.pg or 8-1-1-R-C-state-der-inc-dec-2-jms.pg on an assessment.,,8-1-3-U-C-pw-der-inc-dec-1-jms.pg; dropdown; from above includes this outcome as well as interpreting the graph of the derivative,8-1-1-R-C-state-der-inc-dec-jms.pg; dropdown; given increasing/decreasing choose pos/neg for deriative; includes choosing the universal quantifier,8-1-1-R-C-state-der-inc-dec-2-jms.pg; given derivative pos/negative choose if function is increasing/decreasing; includes choosing the universal quantifier,
8-2-3-U-C,8-2-3,U,C,2,identify intervals where a function is concave up/down given the graph of the original function,,,8-2-3-U-C-concave-original-1-jms.pg; intervals; graph of cubic with nonzero integer inflection point,8-2-3-U-C-concave-original-2-jms.pg; interal; graph of quartic with two distinct nonzero integer inflection points,,
8-2-5-U-C,8-2-5,U,C,2,identify intervals where a function is concave up/down given the graph of the second derivative,,,"8-2-5-U-C-pw-second-der-concave-1-jms.pg; dropdown; piecewice smooth second derivative graph; determine concave up/down on two of four random intervals (one on end, one in middle); indicate sign of second derivative (modified version of code from 8-1-3-U-C-pw-der-inc-dec-1-jms.pg)",8-2-5-U-C-sec-der-quart-conc-jms.pg; intervals and numeric; quartic graph given as graph of the second derivative; determine intervals where original function is concave up/down and list x-values of inflection points; one repeated root so two intervals next to each other with the same behaviour (modified from code 8-1-3-U-C-der-quart-inc-dec-jms.pg),,
8-1-4-Ap-C,8-1-4,Ap,C,3,identify intervals where a function is increasing/decreasing by algebraically determining the sign of the derivative,,,8-1-4-Ap-C-danny-1.pg; interval list; Danny's template problem,8-1-4-Ap-C-abstract-1-jms.pg; interval; given derivative involving an uknown function with a fixed sign; find intervals where original funciton is increasing / decreasing,8-1-4-Ap-C-log-2-jms.pg; interval; given function and its derivative involving log(x); find intervals of increase and decrease,8-1-4-Ap-C-poly-3-jms.pg; interval; quartic given; derivative is a cubic with one repeated root
8-2-6-Ap-C,8-2-6,Ap,C,3,identify intervals where a function is concave up/down by algebraically determining the sign of the second derivative,,,8-2-6-Ap-C-poly-1-jms.pg; interval; quartic function; second derivative is a quadratic has can have distinct or repeated roots and either a pos/neg constant factor,8-2-6-Ap-C-rational-2-jms.pg; interval; simple rational function +/-(x-a)^(-1); determine intervals where concave up / concave down; modified version of 8-1-4-Ap-C-danny-1.pg,8-2-6-Ap-C-abstract-3-jms.pg; interval; modified version of 8-1-4-Ap-C-abstract-1-jms.pg; given SECOND derivative involving an uknown function with a fixed sign; find intervals where original funciton is CU/CD,8-2-6-Ap-C-exp-3-jms.pg; interval; f''(x) = x(x-a)e^x; given f need to compute f'' using the product rule
8-1-0-R-I,8-1-0,R,I,1,state the definition what it means for a function to be increasing/decreasing,,,8-1-0-R-I-defn-inc-dec-jms.pg; dropdown; given increasing/decreasing fill in quantifier and one of two inequalities to complete the two definitions,8-1-0-R-I-defn-inc-dec-2-jms.pg; given technical definition match the correct word,,
8-2-4-U-I,8-2-4,U,I,2,identify intervals where a function is concave up/down given the graph of the first derivative,,,"8-2-4-U-I-pw-frst-der-concave-jms.pg; dropdown; piecise linear graph of first derivative (always non-constant on small intervals); determine if function is concave up, concave down, or if concavity changes on three randomly selected intervals (modified version of 8-1-2-U-C-pw-inc-dec-1-jms.pg;)","8-2-4-U-I-cubic-first-der-concave-jms.pg; given graph of first derivative that is a cubic, determine where original function is concave upward/downward and find inflection points",,
8-2-0-R-I,8-2-0,R,I,1,state the definition what it means for a function to be concave up/down; and what it means to be concave up/down in terms of the second derivative,,,8-2-0-R-I-defn-conc-jms.pg; dropdown; define concaity in terms of the graph and tangent lines,8-2-0-R-I-conc-defn-2-jms.pg; dropdown; identify concacve up / down in terms of the second derivative; also includes universal quantifier,,
9-0-0-C,9-0-0,,C,,identify maximum/minimum values of a function on a given interval and solve single-variable constrained optimization problems,High-level outcome (for course outline); short name: #9-0-0-C; optimization,,No. of 9-0-0-C problems --- >>>,32,,
9-2-4-C-A,9-2-4,C,A,N/A,create an example of a function with a critical/singular point that is not a local extrema,,,,,,
9-1-5-C-A,9-1-5,C,A,N/A,create an example of a function where the Second Derivative Test is inconclusive,,,,,,
9-4-1-R-A,9-4-1,R,A,1,state the Extreme Value Theorem,,,9-4-1-R-A-evt-jms.pg; dropdown; complete the statement of the theorem (non-technical); 4 dropdowns,,,
9-4-2-An-A,9-4-2,An,A,4,explain the relationship between the Extreme Value Theorem and the Closed Interval Method,,,,,,
9-1-0-R-C,9-1-0,R,C,1,state the definiton of a local maximum/minimum,,,9-1-0-R-C-loc-ext-def-jms.pg; dropdown; given inequality choose local/max or local min and indicate 'near',9-1-0-R-C/9-1-0-R-C-loc-ext-def-2-jms.pg; dropdown; given maxmin choose correct inequality (f(x) and f(c) positions reversed from other version) and indicate 'near',,
9-1-1-U-C,9-1-1,U,C,2,identify a local maximum/minimum given the graph of the original function,**Note Definition 3.5.3 of CLP-1 allows endpoints of intervals to be local extrema (this is inconsistent with what we have done in 249/265 over the last few years),,"9-1-1-U-C-pw-loc-ext-1-jms.pg; dropdown; piecewise linear function; choose local max or local min / neither for interior singular points; CODE HAS OPTION TO INCLUDE AN ADDITIONAL POINT: domain is open interval so indicate ""neither"" at one of two endpoints",9-1-1-U-C-quart-ext-jms.pg; numeric (list); indiate numerical locations of local maximum and minimum given a graph of a quartic; code adapted from 8-1-2-U-C-quart-inc-dec-jms.pg,,
9-1-3-Ap-C,9-1-3,Ap,C,3,identify local maximum/minimums by using the First Derivative Test analytically/algebraically,,,9-1-4-Ap-C-danny-1.pg; drop-down; randomly generated parabola; depends on approach,9-1-3-Ap-C-fdt-jms-1.pg; dropdown and numeric; given f and f'; force using first derivative test by asking inc/dec; could be max/min,"9-1-3-Ap-C-fdt-abs-jms-1.pg; given function f with f'(x) = g'(x)(x-a)(x-b); find local max/min; given g continuous differentiable with one critical point and a local max/min; ten different cases occur; allows a=b, but avoids a=c and b=c",
9-2-1-R-C,9-2-1,R,C,1,state the definition of a critical point,,,9-2-1-R-C-crit-sing-def-jms.pg; identify difference between critical and singular points from their definitions; uses local maximum and local minimum as distractors,,,
9-1-4-Ap-C,9-1-4,Ap,C,3,identify local maximum/minimums by using the Second Derivative Test analytically/algebraically,,,9-1-4-Ap-C-danny-1.pg; drop-down; randomly generated parabola; depends on approach,"9-1-4-Ap-C-sdt-jms-1.pg; numeric; dropdown; given quartic and critical point find value of f'', determine sign of f'', indicate max/min and find value of function","9-1-4-Ap-C-sdt-jms-2.pg; numeric; given a cubic with an unknown parameter find the value of the constant that gives a local max/min; get two possible critical points, but only one gives desired max/min",9-1-4-Ap-C-sdt-jms-3.pg; dropdown; given table of values determine if max/min/neither or inconclusive; points may or may not be critical points
9-3-0-R-C,9-3-0,R,C,1,state the definition of a global maximum/minimum,,,9-3-0-R-C-glob-ext-def-jms.pg; dropdown; given inequality; choose global max/min and correct quantifier to make a correct definition,9-3-0-R-C-glob-ext-def-2-jms.pg; dropdown; given global max/min choose inequality and quantifier to complete definition; positions of f(x) and f(c) reversed  from other version and opposite to local questions,,
9-3-1-U-C,9-3-1,U,C,2,explain the difference between a local/global extrema,Jerrod is not sure how to make this in WeBWork ... other than the question with a graph that I've made for 9-3-2-U-C,,,,,
9-3-2-U-C,9-3-2,U,C,2,recognize the difference between a local/global extreme by interpreting the graph of a given function,,,9-3-2-U-C-pw-loc-glob-ext-1-jms.pg; dropdown; piecewise linear; ask about global max/min AND local max/min for two out of four interior singular points; does not ask about endpoints but they are included on the graph in the closed interval; combines code from 9-1-1-U-C-pw-loc-ext-1-jms.pg and 9-3-3-U-C-pw-glob-ext-1-jms.pg,9-3-2-U-C-loc-glob-ext-ms-cmm.pg; multiple select; evaluation of statements about global/local extrema on a closed interval of a graph of a function. SOLUTION NOT DONE YET,,
9-3-4-U-C,9-3-4,U,C,2,identify a global maxumum/minimum given the graph of the derivative of a function,,,9-3-4-U-C-pw-der-glob-ext-jms.pg; dropdown; piecewise graph with one critical point; determine extrema type of critical point (could be neither); determine if global max/min occur at a critical point or endpoint,,,
9-4-3-Ap-C,9-4-3,Ap,C,3,implement the Closed Interval Method to find the absolute extrema of a continuous function on a closed interval,,,9-4-3-Ap-C-closed-int-jms-1.pg; numeric; cubic; one critical point in the interval and one outside; find the location and value of the global extrema,9-4-3-Ap-C-closed-int-jms-2.pg; numeric; xe^x type function; one critical point; find location and value of absolute max/min; HARD,,
9-5-1-An-C,9-5-1,An,C,4,translate a given optimization problem into an abstract mathematical problem; in particular: use a constraint to eliminate secondary variables in order to produce a single-variable optimization problem,,,"9-5-1-An-C-box-cost-jms.pg; dropdown and function; cost of box with a lid; indicate ""minimize""; identify constraint; find cost as function of one variable",9-5-1-An-C-fence-set-up-jms.pg; dropdown and function; indicate minimize; find perimeter as function of one variable,9-5-1-An-C-open-box-set-up-jms.pg; dropdown and function; box with an open top by cutting squares from a square sheet; no constraint; maxmimize,9-5-1-An-C-cylinder-set-up-jms.pg; dropdown and function; indidicate minimize surface area; set up function to minimize the amount of material used for a cylinder of a fixed volume
9-5-2-Ap-C,9-5-2,Ap,C,5,solve optimization word problems,,,9-5-2-Ap-C-box-cost-full-jms.pg; numeric; solve a version of 9-5-1-An-C-box-cost-jms.pg with a reworded context; four versions with simplified numbers from an old 249 midterm exam 2021,9-5-2-Ap-C-fence-full-jms.pg; numeric; solvea version of the problem 9-5-1-An-C-fence-set-up-jms.pg so that critical values are integers; ask for the minimum amount of fencing (the minimum value instead of the dimensions),9-5-2-Ap-C-open-box-full-jms.pg; numeric; ask for maximum volume and the critical point; solving the problem 9-5-1-An-C-open-box-set-up-jms.pg,9-5-2-Ap-C-cylinder-cost-jms.pg; numeric; given cost function and fixed volume of a cylindrical container; find radius of the cylinder that minimizes the cost function
9-5-3-An-C,9-5-3,An,C,4,interpret the results of optimization proceedures into an answer to a given optimization problem,,,,,,
9-1-2-U-C,9-1-2,U,C,2,identify a local maxumum/minimum given the graph of the derivative of a function,,,9-1-2-U-C-pw-der-ext-1-jms.pg; dropdown; piecewise graph given with three critical points; choose local max/min/neither for each point and include justification about the funciton increasing/decreasing to the left/right of the critical point on specific intervals; uses code from 8-1-3-U-C-pw-der-inc-dec-2-jms.pg,"9-1-2-U-C-pw-der-ext-2-no-int-jms.pg; dropdown; same critical points, etc. as 9-1-2-U-C-pw-der-ext-1-jms.pg; however, does not ask for increasing/decrasing justification; instead asks students to identify that the three points are all critical points (since they are looking at the graph of the derivative)",,
9-3-3-U-I,9-3-3,U,I,2,identify a global maximum/minimum given the graph of the original function,,,9-3-3-U-C-pw-glob-ext-1-jms.pg; dropdown; piecewise linear function on closed interval; choose global max or global min / neither for random subset of one endpoint and two interior singular points,,,
9-5-4-E-I,9-5-4,E,I,4,communicate an approach to solving an optimization problem and the results of the process to an appropriate audience,,,,,,
9-2-2-R-I,9-2-2,R,I,1,state the definition of a singular point,,,9-2-1-R-C-crit-sing-def-jms.pg; identify difference between critical and singular points from their definitions; uses local maximum and local minimum as distractors,,,
9-2-3-U-I,9-2-3,U,I,2,recognize that local extrema occur at critical/singular points but that not all critical/singular points are local extrema,"The problems first two problems for 9-1-2-U-C touch on this outcome (for critical points), depending on the randomization...",,9-2-3-U-I-crit-sing-tf-jms.pg; dropdown; true or false; two statements about the relationship between critical/singular points and local extrema; both are false,"9-2-3-U-I-fermat-evt-jms.pg; dropdown; if you have a local max, then crit or sing; if you have global max on closed interval, then crit/sing/endpoint.",,
10-0-0-I,10-0-0,,I,,"state the Mean Value Theorem, interpret the statement of the theorem in terms of ""rates of change"" and ""slope"", and solve problems using the MVT","High-level outcome (for course outline); short name: #10-0-0-I; MVT; WeBWork Quiz for 10-0-0-I will consist of one problem from 10-0-2-U-C, two problems from 10-1-1-Ap-C (one upper/lower and one big/small), one problem from 10-1-2-Ap-C, and one problem from 10-0-1-R-I",,No. of 10-0-0-C problems  --- >>>,13,,
10-2-0-E-A,10-2-0,E,A,4,"use the Mean Value Theorem, and Intermediate Value Theorem, to make conclusions about the existence/number of roots of a differentiable function","""Show there is exactly one real root ---""",,,,,
10-0-2-U-C,10-0-2,U,C,2,"interpret the statement of the Mean Value Theorem in terms of ""rates of change"" and ""slope""",,,10-0-2-U-C-mvt-meaning-1-jms.pg; numeric and drop down; calculate average rate of change and indicate that instantaneous rate of change must euqal this also with quantifier; uses context of reaction rate from 6-1-0-U-C-reaction-dd-jms.pg,10-0-2-U-C-mvt-meaning-2-jms.pg;  drop down and numeric; indicate that information provided allows computation of average velocity; indicate that mean value theorem is a statement about the instantaneous velocity; use similar context to 6-1-0-U-C-vel-acc-dd-jms.pg,"10-0-2-U-C-mvt-meaning-3-jms.pg; numeric and drop down; given points find function values, slope of secant line, and interpret mean value theorem.","10-0-2-U-C-mvt-meaning-4-jms.pg; numeric and drop down; given point, slope of secant line, and second x-value; find funciton values, equation of secant line, indicate interval on wich MVT applies and indidicate parallell lines have equal slopes"
10-1-1-Ap-C,10-1-1,Ap,C,3,use the Mean Value Theorem to find upper/lower limits for values of a function given upper/lower limits on the derivative,,,10-1-1-Ap-C-mvt-upper-lower-1-jms.pg; dropdown and numeric; choose that MVT applies; given upper and lower bounds on f'(x) find upper and lower bounds for f(a),10-1-1-Ap-C-mvt-upper-lower-2-jms.pg; dropdown and numeric; choose that MVT applies; given upper and lower bounds on f'(x) find upper and lower bounds for f(b),10-1-1-Ap-C-mvt-big-small-1-jms.pg; numeric; given value of f(b) and upper/lower limits on f'(x) find the largest/smallest value of f(a) (versioned on biggest/smallest); ask for funciton that achieves this value,10-1-1-Ap-C-mvt-big-small-2-jms.pg; numeric; given value of f(a) and upper/lower limits on f'(x) find the largest/smallest value of f(a) (versioned on biggest/smallest); ask for funtion that achieves this value
10-1-2-Ap-C,10-1-2,Ap,C,3,use the Mean Value Theorem to solve practical problems about rates of change,Need unit conversions to solve this problem; then students compare a computed average to a given limit/record to determin if MVT can help give a conclusion,,"10-1-2-Ap-C-mvt-speeding-tickets-jms.pg; find average velocity for a car trip, compare to a speed limit and attempt to use the MVT to determine if they were speeding or not. Sometimes no determination can be made since average speed is lower than the posted limit.",10-1-2-Ap-C-mvt-solar-jms.pg;  find average velocity for a test vehicle compare to a record speed and attempt to use the MVT to determine if the record was broke. Sometimes no determination can be made since average speed is lower than the record.,"10-1-2-Ap-C-mvt-sound-jms.pg; same idea as other problems, but requires coverting kilometers/minute to metres/second as well",
10-0-1-R-I,10-0-1,R,I,1,precisely state the Mean Value Theorem,,,10-0-1-R-I-state-mvt-jms.pg; dropdown and numeric; complete statement of MVT for a specific interval and an unknown function,10-0-1-R-I-state-mvt-spec-jms.pg; dropdown and numeric; complete specific statement of MVT for a polynomial function,,
11-0-0-C,11-0-0,,C,,"state the definition of an antiderivative of a function, explain the relationship between antiderivatives, and compute antiderivatives of common functions",High-level outcome (for course outline); short name: #11-0-0-C; antiderivatives,,No. of 11-0-0-C problems --- >>>,21,,
11-2-4-E-A,11-2-4,E,A,4,justify that two antiderivatives differ by a constant by using the Mean Value Theorem,,,,,,
11-1-1-An-C,11-1-1,An,C,4,determine if a given function is an antiderivative of another,multiselect questions here also cover 11-2-1-R-C,,11-1-1-An-C-anti-der-ms-1-jms.pg; multiselect; find all antiderivatives of x^3 + sin(x) + b,11-1-1-An-C-anti-der-ms-2-jms.pg; multiselect; find all antiderivatives of 1/sqrt(x) and cos(x),11-1-1-An-C-anti-mc-1-jms.pg; multiple choice; find antiderivative with e^x and 1/x,
11-1-0-R-C,11-1-0,R,C,1,state the definition of the antiderivative of a function,,,11-1-0-R-C-anti-der-defn-jms.pg; dropdown; given equation f'(x) = g state relationship between two functions; two different orders randomized,,,
11-1-2-Ap-C,11-1-2,Ap,C,3,"compute the antiderivative of a given function (polynomial, exp, trigonometric)",Without requiring substitution,,"11-1-2-Ap-C-fcn-anti-der-1-jms.pg; function; power of x, e^(-x), cos(x)","11-1-2-Ap-C-fcn-anti-der-2-jms.pg; function; x^2 or x^3, 1/x, sin(x)",11-1-2-Ap-C-fcn-anti-der-3-jms.pg; function; sqrt(x) and sec^2(x),
11-2-1-R-C,11-2-1,R,C,1,recognize that two antiderivatives only differ by a constant,11-1-1-An-C ms problems also include this aspect,,11-2-1-R-C-two-anti-der-1-jms.pg; dropdown; given two abstract antiderivatives indicate what F-G and F'-G' are equal to; random order of bullets,,,
11-2-2-U-C,11-2-2,U,C,2,"explain what the fact that ""two antiderivatives differ by a constant"" means graphically",,,11-2-2-U-C-two-anti-der-gph-jms.pg; dropdown; given two different antiderivatives'; indicate that they will have the same slope for each x but different y-intercpepts,,,
11-2-3-U-C,11-2-3,U,C,2,"explain what the fact that ""two antiderivatives differ by a constant"" means algebraically",,,11-2-3-U-C-two-anti-der-mc-jms.pg; multiple choice; choose best statement (with quantifiers) that reprsens what it menas for two antiderivatives to differ by a constant,,,
11-4-1-An-C,11-4-1,An,C,4,recognize when a practical problem requires a derivative or an antiderivative to be solved,Covered by 3-6-0-Ap-I above (two problems),,,,,
11-5-1-Ap-C,11-5-1,Ap,C,3,implement integration by substitution to evaluate antiderivatives of composite functions,,,11-5-1-Ap-C-sub-anti-der-1-jms.pg; function; indicate best subsitution to make and evaluate indefinite integral (large power of binomial),"11-5-1-Ap-C-sub-anti-der-2-jms.pg; function; indicate best substiution, differential and evaluate indefinite integral (large power of sin or cos)","11-5-1-Ap-C-sub-anti-der-3-jms.pg; function; indicate best substitution, differential and evaluate indefinite integral (square root of e^x + b or ln(x) + b)",11-5-1-Ap-C-sub-anti-der-4-mc-jms.pg; multiple choice; u-sub with unknown function
11-5-2-U-C,11-5-2,U,C,2,explain the relationship between the chain rule and integration by substitution,,,11-5-2-U-C-chain-sub-jms.pg; dropdown; indidiate that substitution is antiderivative version of chain rule,,,
11-5-4-Ap-C,11-5-4,Ap,C,3,compute the differential of a given function ,,,11-5-4-Ap-C-dx-1-jms.pg; function; given exp and trig function; compute du with chain rule; dx added as a varible so the learner must include it,11-5-4-Ap-C-dx-2-jms.pg; function; product rule and chain rule with ln; compute du with chain rule; dx added as a varible so the learner must include it,11-5-4-Ap-C-dx-3-jms.pg; function; square root of polynomial; compute du with chain rule; dx added as a varible so the learner must include it,
11-3-1-Ap-I,11-3-1,Ap,I,3,solve initial value problems given information about the second derivative of a function,,,"11-3-1-Ap-I-ivp-1-jms.pg; function; given f''(x), f'(0) and f(0) find f(x); f''(x) = asin(x) +bcos(x)","11-3-1-Ap-I-ivp-2-jms.pg; function; given f''(x), f'(0) and f(0) find f(x); f''(x) = ae^x +be^(-x)","11-3-1-Ap-I-ivp-3-jms.pg; function; given f'(x) and f(a), find f(x); a*sqrt(x) + b/sqrt(x)",
11-5-3-R-I,11-5-3,R,I,1,state the definition of the differential of a function,Related to 4-3-1-Ap-I; differential approximation; Need to know this in order to complete 11-5-4-Ap-C outcomes,,,,,
12-0-0-C,12-0-0,,C,,explore the process of estimating areas under the graph of a function and develop the definition of the Riemann integral,High-level outcome (for course outline); short name: #12-0-0-C; area,,No. of 12-0-0-C problems --- >>>,14,Make 3 each here!,
12-1-1-R-A,12-1-1,R,A,1,state the precise definition of the Riemann integral of a continuous function,,,,,,
12-1-3-U-A,12-1-3,U,A,2,recognize when a given limit of a sum is the definite integral of a function,,,,,,
12-1-2-U-C,12-1-2,U,C,2,state the intuitive interpretation of the definite integral in terms of areas,,,"12-1-2-U-C-def-int-idea-1-jms.pg; multiple choice; does not use the phrase ""net area""",12-1-2-U-C-def-int-idea-2-jms.pg; multiple choice; asks about |f(x)|,12-1-2-U-C-application-1-jms.pg; interpret meaning of definite integral,
12-2-1-An-C,12-2-1,An,C,4,"interpret the definite integral on an interval [a, x] as a function of x",,,12-2-1-An-C-area-function-1-jms.pg; dropdown and numeric; indicate that A(x) is a funciton of x and find two of its values given a graph of f,"12-2-1-An-C-area-function-2-jms.pg; dropdown and numeric; integral of absolute value; indicate that A(x) is a function of x, and find two of its values given graph of f",,
12-3-1-Ap-C,12-3-1,Ap,C,3,evaluate the definite integral of a function given the graph of the function,,,12-3-1-Ap-C-area-graph-1-jms.pg; numeric; given piecewise linear function; evaluate four definite integrals; one right-to-left; all with same lower limit of integration,"12-3-1-Ap-C-area-graph-2-jms.pg; numeric; piecewise linear graph with regions that are triangles, rectangles, or a triangle + rectangle; evaluate two definite integral",12-3-1-Ap-C-area-graph-3-jms.pg; numeric; piecewise with a quarter circle; ask for quarter circle only and one other integral which involves using 5-sub-interval,
12-3-2-Ap-C,12-3-2,Ap,C,3,evaluate the definite integral of a piecewise function (without the fundamental theorem of calculus),,,12-3-2-Ap-C-pw-def-no-ftc-1-jms.pg; numeric; function is linear and semicircle (both either pos/neg); solution evaluates with a graph; requires area as a rectangle + triangle and quarter circle,12-3-2-Ap-C-pw-def-no-ftc-2-jms.pg; numeric; peicewise function; graph is linear wtih y-int 0 and semicricle with centre on x-axis; requires triangle and half-circle area,12-3-2-Ap-C-pw-def-no-ftc-3-jms.pg; numeric; peicewise function; graph is piecewise linear; one part horizontal; one with nonzero slope; function changes definition at nonzero point (EASIER!),
12-3-4-An-C,12-3-4,An,C,4,calculate definite integrals using properties of the integral and given limited information about other integrals,,,12-3-4-An-C-abstract-int-1-jms.pg; numeric; find two definite integrals of one function using given integrals; just about manipulating intervals and splitting up integrals; scaffolded,12-3-4-An-C-abstract-int-2-jms.pg; numeric; find two definite integrals; given information about one function; second involves a scalar multiple and a constant function; scaffolded order,12-3-4-An-C-abstract-int-3-jms.pg; numeric; given information about two functions; find integrals of linear combinations; one uses two integrals given directly; the second involves splitting the two integrals up in to different ways but only as a to b and b to c and adding,
12-3-3-Ap-I,12-3-3,Ap,I,3,evaluate the definite integral of odd/even functions by using symmetry,,,,,,
13-0-0-C,13-0-0,,C,,state the Fundamental Theorem of Calculus and explore/demonstrate the relationship between differentiation and integration,High-level outcome (for course outline); short name: #13-0-0-C; FTC,,No. of 13-0-0-C problems  --- >>>,34,,
13-4-1-Ap-A,13-4-1,Ap,A,3,apply the FTC and earlier knowledge to determine intervals of increase/decrease of functions presented as integrals,,,13-4-1-Ap-A-ftc-increase-decrease-AT.pg,,,
13-4-2-Ap-A,13-4-2,Ap,A,3,apply the FTC and earlier knowledge to determine intervals of concavity of functions presented as integrals,,,13-4-2-Ap-A-ftc-concavity-AT.pg,,,
13-4-3-Ap-A,13-4-3,Ap,A,3,apply the FTC and the First Derivative Test to find local extrema of functions presented as integrals,,,,,,
13-4-4-Ap-A,13-4-4,Ap,A,3,apply the FTC and the Closed Interval Method to find global extrema of functions presented as integrals on a closed interval,,,13-4-4-Ap-A-ftc-closed-interval-method-AT.pg,,,
13-4-G-Ap-A,,,,,Folder containing questions for next four graph-based FTC learning outcomes,,,,,,
13-4-1G-Ap-A,13-4-1G,Ap,A,3,apply the FTC and earlier knowledge to determine intervals of increase/decrease of functions presented as integrals WITH INTEGRAND GIVEN AS A GRAPH,In folder 13-4-G-Ap-A,,13-4-1G-Ap-A-int-graph-inc-dec-1-jms.pg; drop down; for each interval choose increasing or decreasing'; graph is piecewise linear; rewritten version of 12-3-1-Ap-C-area-graph-1-jms.pg,13-4-1G-Ap-A-int-graph-inc-dec-2-jms.pg; rewritten version of 8-1-3-U-C-der-cubic-inc-dec-jms.pg,,
13-4-2G-Ap-A,13-4-2G,Ap,A,3,apply the FTC and earlier knowledge to determine intervals of concavity of functions presented as integrals  WITH INTEGRAND GIVEN AS A GRAPH,In folder 13-4-G-Ap-A,,13-4-2G-Ap-A-int-graph-concave-1-jms.pg; dropdown; rewritten version of 8-2-4-U-I-pw-frst-der-concave-jms.pg,13-4-2G-Ap-A-int-graph-concave-2-jms.pg; interval; rewritten versionof 8-2-4-U-I-cubic-first-der-concave-jms.pg,,
13-4-3G-Ap-A,13-4-3G,Ap,A,3,apply the FTC and the First Derivative Test to find local extrema of functions presented as integrals  WITH INTEGRAND GIVEN AS A GRAPH,In folder 13-4-G-Ap-A,,13-4-3G-Ap-A-loc-ext-int-graph-1-jms.pg; drop down; rewritten version of 9-1-2-U-C-pw-der-ext-2-no-int-jms.pg,,,
13-4-4G-Ap-A,13-4-4G,Ap,A,3,apply the FTC and the Closed Interval Method to find global extrema of functions presented as integrals on a closed interval  WITH INTEGRAND GIVEN AS A GRAPH,In folder 13-4-G-Ap-A,,13-4-4G-Ap-A-ftc-closed-int-jms-1.pg; numeric; piecewise linear; 3 critical points; find value of global max and global min (not x-values); rewritten version of 12-3-1-Ap-C-area-graph-1-jms.pg,13-4-4G-Ap-A-ftc-closed-int-jms-2.pg; numeric; rewritten version of 12-3-1-Ap-C-area-graph-2-jms.pg,,
13-0-1-R-C,13-0-1,R,C,1,state the Fundamental Theorem of Calculus (FTC),,,13-0-1-R-C-state-ftc-jms.pg; dropdown and numeric; indicate partial area function is an anitiderivative; indicate that any antiderivative can be used for computing definite integrals.,,,
13-0-2-C-C,13-0-2,C,C,N/A,"demonstrate the relationship between differentiation and integration by using examples (e-g-, f(x) = x, f(x) = x^2)",,,13-0-2-C-C-cpt-anti-der-int-jms-1.pg; function; evaluate explicit antierivative given in terms of integrals; evaluate derivative of integral; integrand is binomial quadratic or linear,13-0-2-C-C-cpt-anti-der-int-jms-2.pg; same question with trig and exponential,,
13-1-1-Ap-C,13-1-1,Ap,C,3,apply the FTC to evaluate definite integrals of polynomial functions,,,13-1-1-Ap-C-poly-definite-jms-1.pg; numeric; evaluate two definite integrals of polynomial functions; one binomial and one trinomial,13-1-1-Ap-C-poly-definite-jms-2.pg; same question with powers and intervals slightly adjusted,,
13-1-2-Ap-C,13-1-2,Ap,C,3,apply the FTC to evaluate definite integrals of exponential functions,,,"13-1-2-Ap-C-exp-definite-jms-1.pg; evaluate to integrals of exponential functions; one e^x + c, one e^x + e^-x",13-1-2-Ap-C-exp-ln-definite-jms-2.pg; exp and log (integral of 1/x); modified from ver 1,,
13-1-3-Ap-C,13-1-3,Ap,C,3,apply the FTC to evaluate definite integrals of trigonometric functions,,,"13-1-3-Ap-C-trig-definite-jms-1.pg; integral of Acos+B and Asin+Bcos, first quardrant special angles only, second from 0 to positive angle","13-1-3-Ap-C-trig-definite-jms-2.pg; integral of Acos and Asin first quardrant special angles only, first - to + (symmetric); second from 0 to positive angle",,
13-1-4-Ap-C,13-1-4,Ap,C,3,apply the FTC to evaluate definite integrals of piecewise functions,,,13-1-4-Ap-C-pw-def-int-1-jms.pg; numeric; linear function and scalar multiple of square root,13-1-4-Ap-C-pw-def-int-2-jms.pg; numeric; polynomial and 1/sqrt(x) + const,13-1-4-Ap-C-pw-def-int-3-jms.pg; numeric; exponential and cos,13-1-4-Ap-C-pw-def-int-4-jms.pg; numeric; exponential(-x) and sin
13-2-1-Ap-C,13-2-1,Ap,C,3,apply the FTC and integration by substitution to evalute definite integrals,,,13-2-1-Ap-C-definite-sub-jms-1.pg; numeric; e^sqrt(x)/sqrt(x) and (ln(x) + r)^2/x,13-2-1-Ap-C-definite-sub-jms-2.pg; numeric; xcos(x^2+a) and cos(x)sqrt(sin(x)),13-2-1-Ap-C-definite-sub-jms-3-abstract.pg; numeric; uknown function; use substitution twice to relate to given integrals,
13-2-2-U-C,13-2-2,U,C,2,recognize that the limits of integration in a definite integral change when using a substitution,,,"13-2-2-U-C-def-sub-mc-1-jms.pg; multiple choice; u=ax+b; integrand is unknown function; simple distractors (error in differential, not changing limits)",13-2-2-U-C-def-sub-mc-2-jms.pg; multiple choice; u = ax^2 and unknown function,13-2-2-U-C-def-sub-mc-3-jms.pg; multiple choice; u = sin(x) with square root of sin^2+b,13-2-2-U-C-def-sub-mc-4-jms.pg; multiple choice; u = ln(x) + b with squre root of ln(x) + b
13-3-1-Ap-I,13-3-1,Ap,I,3,apply the FTC to compute derivatives of functions presented as integrals,,,13-3-1-Ap-I-der-int-jms-1.pg; function; derivative of a definite and intedefinite integral; cannot integrate either of the functions presented with MATH 249 techniques,13-3-1-Ap-I-der-int-jms-2.pg; function; derivative of a definite and intedefinite integral; cannot integrate either of the functions presented with MATH 249 techniques; order reversed from other verson,,
13-3-2-Ap-I,13-3-2,Ap,I,3,apply the FTC and the chain rule to compute derivatives of functions presented as integrals,,,13-3-2-Ap-I-ftc-chain-1-jms.pg; function; one is with x^2 and the other has x in upper and lower limits of integration,"13-3-2-Ap-I-ftc-chain-2-jms.pg; function;  one has e^x as upper limit, the second requires chain rule twice",,
14-0-0-C,14-0-0,,C,,"define and identify improper integrals, evaluate two types of improper integrals by direct computation and comparison",High-level outcome (for course outline); short name: #14-0-0-C; improper integrals,,No. of 14-0-0-C problems --- >>>,9,,
14-2-2-Ap-A,14-2-2,Ap,A,3,use the Comparison Test to evaluate the convergence/divergence of explicit improper integrals,,,14-2-2-Ap-A-use-comparison-test-AT.pg,,,
14-0-1-R-C,14-0-1,R,C,1,identify an integral as being improper because it is over an infinite interval,,,14-0-1-R-C-infinite-interval-AT.pg,,,
14-0-2-U-C,14-0-2,U,C,2,identify an integral as improper because the function has a vertical asymptote in the domain of integration (algebraically),,,14-0-2-U-C-asymptote-algebraic-AT.pg,,,
14-0-3-U-C,14-0-3,U,C,2,identify an integral as improper because the function has a vertical asymptote in the domain of integration (graphically),,,14-0-3-U-C-asymptote-graphic-2-AT.pg,,,
14-0-4-R-I,14-0-4,R,I,1,state the definition of convergence/divergence for an improper integral,,,14-0-4-R-I-improper-conv-div-AT.pg;,,,
14-1-1-Ap-I,14-1-1,Ap,I,3,compute improper integrals over an infinite interval,,,14-1-1-Ap-I-compute-improper-int-inf-AT.pg,,,
14-1-2-Ap-I,14-1-2,Ap,I,3,compute improper integrals over a finite interval where a function has a vertical asymptote,,,14-1-2-Ap-I-compute-improper-int-AT.pg; ,,,
14-2-1-R-I,14-2-1,R,I,1,state the Comparison Test for improper integrals,,,14-2-1-R-I-comparison-test-def-AT.pg,,,
14-2-3-Ap-I,14-2-3,Ap,I,3,use the Comparison Test to evaluate the convergence/divergence of abstract improper integrals,,,14-2-3-Ap-I-abstract-comparison-test-AT.pg,,,